Name,Command,Send Receipt,Inventory Behaviour,Number,Phone,Email,Note,Tags,Tags Command,Cancelled At,Cancel: Reason,Cancel: Send Receipt,Cancel: Refund,Processed At,Closed At,Currency,Source,Source Identifier,Source URL,Weight Total,Tax 1: Title,Tax 1: Rate,Tax 1: Price,Tax 2: Title,Tax 2: Rate,Tax 2: Price,Tax 3: Title,Tax 3: Rate,Tax 3: Price,Tax: Included,Tax: Total,Payment: Status,Additional Details,Customer: ID,Customer: Email,Customer: Phone,Customer: First Name,Customer: Last Name,Customer: Note,Customer: State,Customer: Tags,Billing: First Name,Billing: Last Name,Billing: Name,Billing: Company,Billing: Phone,Billing: Address 1,Billing: Address 2,Billing: Zip,Billing: City,Billing: Province,Billing: Province Code,Billing: Country,Billing: Country Code,Shipping: First Name,Shipping: Last Name,Shipping: Name,Shipping: Company,Shipping: Phone,Shipping: Address 1,Shipping: Address 2,Shipping: Zip,Shipping: City,Shipping: Province,Shipping: Province Code,Shipping: Country,Shipping: Country Code,Line: Type,Line: Command,Line: Product ID,Line: Product Handle,Line: Title,Line: Name,Line: Variant ID,Line: Variant Title,Line: SKU,Line: Quantity,Line: Price,Line: Discount,Line: Grams,Line: Requires Shipping,Line: Vendor,Line: Properties,Line: Gift Card,Line: Force Gift Card,Line: Taxable,Line: Tax 1 Title,Line: Tax 1 Rate,Line: Tax 1 Price,Line: Tax 2 Title,Line: Tax 2 Rate,Line: Tax 2 Price,Line: Tax 3 Title,Line: Tax 3 Rate,Line: Tax 3 Price,Line: Fulfillment Service,Line: Variant Barcode,Refund: ID,Refund: Created At,Refund: Note,Refund: Restock,Refund: Restock Type,Refund: Restock Location,Refund: Send Receipt,Refund: Generate Transaction,Transaction: Kind,Transaction: Processed At,Transaction: Amount,Transaction: Currency,Transaction: Status,Transaction: Gateway,Transaction: Force Gateway,Transaction: Test,Transaction: Authorization,Transaction: Parent ID,Fulfillment: ID,Fulfillment: Status,Fulfillment: Processed At,Fulfillment: Tracking Company,Fulfillment: Location,Fulfillment: Shipment Status,Fulfillment: Tracking Number,Fulfillment: Tracking URL,Fulfillment: Send Receipt
#1001,NEW,FALSE,BYPASS,,,,,,,,,,,2026-08-24T05:28:58.577Z,,USD,,,,,,,,,,,,,,,,PAID,,,customer2@example.com,,Customer,1,,,,Customer,1,Customer 1,,,123 Market St,,10001,New York,NY,,United States,US,Customer,1,Customer 1,,,123 Market St,,10001,New York,NY,,United States,US,Line Item,NEW,,,Cotton T-Shirt,Cotton T-Shirt,,,TEE-COTTON-004,1,28.0,,,,,,,,,,,,,,,,,,,,,,,,,,,,,,,,,,,,,,,,,,,,,,
#1002,NEW,FALSE,BYPASS,,,,,,,,,,,2026-08-24T07:28:58.578Z,,USD,,,,,,,,,,,,,,,,PAID,,,customer3@example.com,,Customer,2,,,,Customer,2,Customer 2,,,123 Market St,,10001,New York,NY,,United States,US,Customer,2,Customer 2,,,123 Market St,,10001,New York,NY,,United States,US,Line Item,NEW,,,Cotton T-Shirt,Cotton T-Shirt,,,TEE-COTTON-004,1,28.0,,,,,,,,,,,,,,,,,,,,,,,,,,,,,,,,,,,,,,,,,,,,,,
#1003,NEW,FALSE,BYPASS,,,,,,,,,,,2026-08-24T09:28:58.578Z,,USD,,,,,,,,,,,,,,,,PAID,,,customer4@example.com,,Customer,3,,,,Customer,3,Customer 3,,,123 Market St,,10001,New York,NY,,United States,US,Customer,3,Customer 3,,,123 Market St,,10001,New York,NY,,United States,US,Line Item,NEW,,,Leather Backpack,Leather Backpack,,,BAG-LEATHER-005,1,145.0,,,,,,,,,,,,,,,,,,,,,,,,,,,,,,,,,,,,,,,,,,,,,,
#1004,NEW,FALSE,BYPASS,,,,,,,,,,,2026-08-24T11:28:58.578Z,,USD,,,,,,,,,,,,,,,,PAID,,,customer5@example.com,,Customer,4,,,,Customer,4,Customer 4,,,123 Market St,,10001,New York,NY,,United States,US,Customer,4,Customer 4,,,123 Market St,,10001,New York,NY,,United States,US,Line Item,NEW,,,Premium Hoodie,Premium Hoodie,,,HOODIE-PREM-001,1,85.0,,,,,,,,,,,,,,,,,,,,,,,,,,,,,,,,,,,,,,,,,,,,,,
#1005,NEW,FALSE,BYPASS,,,,,,,,,,,2026-08-24T13:28:58.578Z,,USD,,,,,,,,,,,,,,,,PAID,,,customer6@example.com,,Customer,5,,,,Customer,5,Customer 5,,,123 Market St,,10001,New York,NY,,United States,US,Customer,5,Customer 5,,,123 Market St,,10001,New York,NY,,United States,US,Line Item,NEW,,,Running Socks,Running Socks,,,SOCK-RUN-006,2,18.0,,,,,,,,,,,,,,,,,,,,,,,,,,,,,,,,,,,,,,,,,,,,,,
#1006,NEW,FALSE,BYPASS,,,,,,,,,,,2026-08-24T15:28:58.578Z,,USD,,,,,,,,,,,,,,,,PAID,,,customer7@example.com,,Customer,6,,,,Customer,6,Customer 6,,,123 Market St,,10001,New York,NY,,United States,US,Customer,6,Customer 6,,,123 Market St,,10001,New York,NY,,United States,US,Line Item,NEW,,,Premium Hoodie,Premium Hoodie,,,HOODIE-PREM-001,1,85.0,,,,,,,,,,,,,,,,,,,,,,,,,,,,,,,,,,,,,,,,,,,,,,
#1006,NEW,FALSE,BYPASS,,,,,,,,,,,2026-08-24T15:28:58.578Z,,USD,,,,,,,,,,,,,,,,PAID,,,customer7@example.com,,Customer,6,,,,Customer,6,Customer 6,,,123 Market St,,10001,New York,NY,,United States,US,Customer,6,Customer 6,,,123 Market St,,10001,New York,NY,,United States,US,Line Item,NEW,,,Denim Jacket,Denim Jacket,,,JACKET-DENIM-003,1,95.0,,,,,,,,,,,,,,,,,,,,,,,,,,,,,,,,,,,,,,,,,,,,,,
#1007,NEW,FALSE,BYPASS,,,,,,,,,,,2026-08-24T17:28:58.578Z,,USD,,,,,,,,,,,,,,,,PAID,,,customer8@example.com,,Customer,7,,,,Customer,7,Customer 7,,,123 Market St,,10001,New York,NY,,United States,US,Customer,7,Customer 7,,,123 Market St,,10001,New York,NY,,United States,US,Line Item,NEW,,,Running Shoes,Running Shoes,,,SHOE-RUN-002,1,120.0,,,,,,,,,,,,,,,,,,,,,,,,,,,,,,,,,,,,,,,,,,,,,,
#1008,NEW,FALSE,BYPASS,,,,,,,,,,,2026-08-24T19:28:58.578Z,,USD,,,,,,,,,,,,,,,,PAID,,,customer9@example.com,,Customer,8,,,,Customer,8,Customer 8,,,123 Market St,,10001,New York,NY,,United States,US,Customer,8,Customer 8,,,123 Market St,,10001,New York,NY,,United States,US,Line Item,NEW,,,Premium Hoodie,Premium Hoodie,,,HOODIE-PREM-001,1,85.0,,,,,,,,,,,,,,,,,,,,,,,,,,,,,,,,,,,,,,,,,,,,,,
#1009,NEW,FALSE,BYPASS,,,,,,,,,,,2026-08-24T21:28:58.578Z,,USD,,,,,,,,,,,,,,,,PAID,,,customer10@example.com,,Customer,9,,,,Customer,9,Customer 9,,,123 Market St,,10001,New York,NY,,United States,US,Customer,9,Customer 9,,,123 Market St,,10001,New York,NY,,United States,US,Line Item,NEW,,,Leather Backpack,Leather Backpack,,,BAG-LEATHER-005,1,145.0,,,,,,,,,,,,,,,,,,,,,,,,,,,,,,,,,,,,,,,,,,,,,,
#1010,NEW,FALSE,BYPASS,,,,,,,,,,,2026-08-24T23:28:58.578Z,,USD,,,,,,,,,,,,,,,,PAID,,,customer11@example.com,,Customer,10,,,,Customer,10,Customer 10,,,123 Market St,,10001,New York,NY,,United States,US,Customer,10,Customer 10,,,123 Market St,,10001,New York,NY,,United States,US,Line Item,NEW,,,Running Socks,Running Socks,,,SOCK-RUN-006,2,18.0,,,,,,,,,,,,,,,,,,,,,,,,,,,,,,,,,,,,,,,,,,,,,,
#1011,NEW,FALSE,BYPASS,,,,,,,,,,,2026-08-25T01:28:58.578Z,,USD,,,,,,,,,,,,,,,,PAID,,,customer12@example.com,,Customer,11,,,,Customer,11,Customer 11,,,123 Market St,,10001,New York,NY,,United States,US,Customer,11,Customer 11,,,123 Market St,,10001,New York,NY,,United States,US,Line Item,NEW,,,Cotton T-Shirt,Cotton T-Shirt,,,TEE-COTTON-004,1,28.0,,,,,,,,,,,,,,,,,,,,,,,,,,,,,,,,,,,,,,,,,,,,,,
#1012,NEW,FALSE,BYPASS,,,,,,,,,,,2026-08-25T03:28:58.578Z,,USD,,,,,,,,,,,,,,,,PAID,,,customer13@example.com,,Customer,12,,,,Customer,12,Customer 12,,,123 Market St,,10001,New York,NY,,United States,US,Customer,12,Customer 12,,,123 Market St,,10001,New York,NY,,United States,US,Line Item,NEW,,,Premium Hoodie,Premium Hoodie,,,HOODIE-PREM-001,1,85.0,,,,,,,,,,,,,,,,,,,,,,,,,,,,,,,,,,,,,,,,,,,,,,
#1012,NEW,FALSE,BYPASS,,,,,,,,,,,2026-08-25T03:28:58.578Z,,USD,,,,,,,,,,,,,,,,PAID,,,customer13@example.com,,Customer,12,,,,Customer,12,Customer 12,,,123 Market St,,10001,New York,NY,,United States,US,Customer,12,Customer 12,,,123 Market St,,10001,New York,NY,,United States,US,Line Item,NEW,,,Denim Jacket,Denim Jacket,,,JACKET-DENIM-003,1,95.0,,,,,,,,,,,,,,,,,,,,,,,,,,,,,,,,,,,,,,,,,,,,,,
#1013,NEW,FALSE,BYPASS,,,,,,,,,,,2026-08-25T05:28:58.578Z,,USD,,,,,,,,,,,,,,,,PAID,,,customer14@example.com,,Customer,13,,,,Customer,13,Customer 13,,,123 Market St,,10001,New York,NY,,United States,US,Customer,13,Customer 13,,,123 Market St,,10001,New York,NY,,United States,US,Line Item,NEW,,,Cotton T-Shirt,Cotton T-Shirt,,,TEE-COTTON-004,1,28.0,,,,,,,,,,,,,,,,,,,,,,,,,,,,,,,,,,,,,,,,,,,,,,
#1014,NEW,FALSE,BYPASS,,,,,,,,,,,2026-08-25T07:28:58.578Z,,USD,,,,,,,,,,,,,,,,PAID,,,customer15@example.com,,Customer,14,,,,Customer,14,Customer 14,,,123 Market St,,10001,New York,NY,,United States,US,Customer,14,Customer 14,,,123 Market St,,10001,New York,NY,,United States,US,Line Item,NEW,,,Running Shoes,Running Shoes,,,SHOE-RUN-002,1,120.0,,,,,,,,,,,,,,,,,,,,,,,,,,,,,,,,,,,,,,,,,,,,,,
#1015,NEW,FALSE,BYPASS,,,,,,,,,,,2026-08-25T09:28:58.578Z,,USD,,,,,,,,,,,,,,,,PAID,,,customer16@example.com,,Customer,15,,,,Customer,15,Customer 15,,,123 Market St,,10001,New York,NY,,United States,US,Customer,15,Customer 15,,,123 Market St,,10001,New York,NY,,United States,US,Line Item,NEW,,,Running Socks,Running Socks,,,SOCK-RUN-006,2,18.0,,,,,,,,,,,,,,,,,,,,,,,,,,,,,,,,,,,,,,,,,,,,,,
#1016,NEW,FALSE,BYPASS,,,,,,,,,,,2026-08-25T11:28:58.578Z,,USD,,,,,,,,,,,,,,,,PAID,,,customer17@example.com,,Customer,16,,,,Customer,16,Customer 16,,,123 Market St,,10001,New York,NY,,United States,US,Customer,16,Customer 16,,,123 Market St,,10001,New York,NY,,United States,US,Line Item,NEW,,,Premium Hoodie,Premium Hoodie,,,HOODIE-PREM-001,1,85.0,,,,,,,,,,,,,,,,,,,,,,,,,,,,,,,,,,,,,,,,,,,,,,
#1017,NEW,FALSE,BYPASS,,,,,,,,,,,2026-08-25T13:28:58.578Z,,USD,,,,,,,,,,,,,,,,PAID,,,customer18@example.com,,Customer,17,,,,Customer,17,Customer 17,,,123 Market St,,10001,New York,NY,,United States,US,Customer,17,Customer 17,,,123 Market St,,10001,New York,NY,,United States,US,Line Item,NEW,,,Cotton T-Shirt,Cotton T-Shirt,,,TEE-COTTON-004,1,28.0,,,,,,,,,,,,,,,,,,,,,,,,,,,,,,,,,,,,,,,,,,,,,,
#1018,NEW,FALSE,BYPASS,,,,,,,,,,,2026-08-25T15:28:58.578Z,,USD,,,,,,,,,,,,,,,,PAID,,,customer19@example.com,,Customer,18,,,,Customer,18,Customer 18,,,123 Market St,,10001,New York,NY,,United States,US,Customer,18,Customer 18,,,123 Market St,,10001,New York,NY,,United States,US,Line Item,NEW,,,Premium Hoodie,Premium Hoodie,,,HOODIE-PREM-001,1,85.0,,,,,,,,,,,,,,,,,,,,,,,,,,,,,,,,,,,,,,,,,,,,,,
#1018,NEW,FALSE,BYPASS,,,,,,,,,,,2026-08-25T15:28:58.578Z,,USD,,,,,,,,,,,,,,,,PAID,,,customer19@example.com,,Customer,18,,,,Customer,18,Customer 18,,,123 Market St,,10001,New York,NY,,United States,US,Customer,18,Customer 18,,,123 Market St,,10001,New York,NY,,United States,US,Line Item,NEW,,,Denim Jacket,Denim Jacket,,,JACKET-DENIM-003,1,95.0,,,,,,,,,,,,,,,,,,,,,,,,,,,,,,,,,,,,,,,,,,,,,,
#1019,NEW,FALSE,BYPASS,,,,,,,,,,,2026-08-25T17:28:58.578Z,,USD,,,,,,,,,,,,,,,,PAID,,,customer20@example.com,,Customer,19,,,,Customer,19,Customer 19,,,123 Market St,,10001,New York,NY,,United States,US,Customer,19,Customer 19,,,123 Market St,,10001,New York,NY,,United States,US,Line Item,NEW,,,Cotton T-Shirt,Cotton T-Shirt,,,TEE-COTTON-004,1,28.0,,,,,,,,,,,,,,,,,,,,,,,,,,,,,,,,,,,,,,,,,,,,,,
#1020,NEW,FALSE,BYPASS,,,,,,,,,,,2026-08-25T19:28:58.578Z,,USD,,,,,,,,,,,,,,,,PAID,,,customer21@example.com,,Customer,20,,,,Customer,20,Customer 20,,,123 Market St,,10001,New York,NY,,United States,US,Customer,20,Customer 20,,,123 Market St,,10001,New York,NY,,United States,US,Line Item,NEW,,,Running Socks,Running Socks,,,SOCK-RUN-006,2,18.0,,,,,,,,,,,,,,,,,,,,,,,,,,,,,,,,,,,,,,,,,,,,,,
#1021,NEW,FALSE,BYPASS,,,,,,,,,,,2026-08-25T21:28:58.578Z,,USD,,,,,,,,,,,,,,,,PAID,,,customer22@example.com,,Customer,21,,,,Customer,21,Customer 21,,,123 Market St,,10001,New York,NY,,United States,US,Customer,21,Customer 21,,,123 Market St,,10001,New York,NY,,United States,US,Line Item,NEW,,,Running Shoes,Running Shoes,,,SHOE-RUN-002,1,120.0,,,,,,,,,,,,,,,,,,,,,,,,,,,,,,,,,,,,,,,,,,,,,,
#1022,NEW,FALSE,BYPASS,,,,,,,,,,,2026-08-25T23:28:58.578Z,,USD,,,,,,,,,,,,,,,,PAID,,,customer23@example.com,,Customer,22,,,,Customer,22,Customer 22,,,123 Market St,,10001,New York,NY,,United States,US,Customer,22,Customer 22,,,123 Market St,,10001,New York,NY,,United States,US,Line Item,NEW,,,Cotton T-Shirt,Cotton T-Shirt,,,TEE-COTTON-004,1,28.0,,,,,,,,,,,,,,,,,,,,,,,,,,,,,,,,,,,,,,,,,,,,,,
#1023,NEW,FALSE,BYPASS,,,,,,,,,,,2026-08-26T01:28:58.578Z,,USD,,,,,,,,,,,,,,,,PAID,,,customer24@example.com,,Customer,23,,,,Customer,23,Customer 23,,,123 Market St,,10001,New York,NY,,United States,US,Customer,23,Customer 23,,,123 Market St,,10001,New York,NY,,United States,US,Line Item,NEW,,,Cotton T-Shirt,Cotton T-Shirt,,,TEE-COTTON-004,1,28.0,,,,,,,,,,,,,,,,,,,,,,,,,,,,,,,,,,,,,,,,,,,,,,
#1024,NEW,FALSE,BYPASS,,,,,,,,,,,2026-08-26T03:28:58.578Z,,USD,,,,,,,,,,,,,,,,PAID,,,customer25@example.com,,Customer,24,,,,Customer,24,Customer 24,,,123 Market St,,10001,New York,NY,,United States,US,Customer,24,Customer 24,,,123 Market St,,10001,New York,NY,,United States,US,Line Item,NEW,,,Premium Hoodie,Premium Hoodie,,,HOODIE-PREM-001,1,85.0,,,,,,,,,,,,,,,,,,,,,,,,,,,,,,,,,,,,,,,,,,,,,,
#1024,NEW,FALSE,BYPASS,,,,,,,,,,,2026-08-26T03:28:58.578Z,,USD,,,,,,,,,,,,,,,,PAID,,,customer25@example.com,,Customer,24,,,,Customer,24,Customer 24,,,123 Market St,,10001,New York,NY,,United States,US,Customer,24,Customer 24,,,123 Market St,,10001,New York,NY,,United States,US,Line Item,NEW,,,Denim Jacket,Denim Jacket,,,JACKET-DENIM-003,1,95.0,,,,,,,,,,,,,,,,,,,,,,,,,,,,,,,,,,,,,,,,,,,,,,
#1025,NEW,FALSE,BYPASS,,,,,,,,,,,2026-08-26T05:28:58.578Z,,USD,,,,,,,,,,,,,,,,PAID,,,customer26@example.com,,Customer,25,,,,Customer,25,Customer 25,,,123 Market St,,10001,New York,NY,,United States,US,Customer,25,Customer 25,,,123 Market St,,10001,New York,NY,,United States,US,Line Item,NEW,,,Running Socks,Running Socks,,,SOCK-RUN-006,2,18.0,,,,,,,,,,,,,,,,,,,,,,,,,,,,,,,,,,,,,,,,,,,,,,
