Name,Email,Financial Status,Paid at,Fulfillment Status,Fulfilled at,Accepts Marketing,Currency,Subtotal,Shipping,Taxes,Total,Discount Code,Discount Amount,Shipping Method,Created at,Lineitem quantity,Lineitem name,Lineitem price,Lineitem compare at price,Lineitem sku,Lineitem requires shipping,Lineitem taxable,Lineitem fulfillment status,Billing Name,Billing Street,Billing City,Billing Zip,Billing Province,Billing Country,Shipping Name,Shipping Street,Shipping City,Shipping Zip,Shipping Province,Shipping Country,Notes
#1001,customer2@example.com,paid,2026-08-24T05:28:58.577Z,fulfilled,2026-08-24T05:28:58.577Z,yes,USD,28.0,0.0,2.24,30.24,,0.0,Standard Shipping,2026-08-24T05:28:58.577Z,1,Cotton T-Shirt,28.0,32.0,TEE-COTTON-004,True,True,fulfilled,Customer 1,123 Market St,New York,10001,NY,US,Customer 1,123 Market St,New York,10001,NY,US,
#1002,customer3@example.com,paid,2026-08-24T07:28:58.578Z,fulfilled,2026-08-24T07:28:58.578Z,yes,USD,28.0,0.0,2.24,30.24,,0.0,Standard Shipping,2026-08-24T07:28:58.578Z,1,Cotton T-Shirt,28.0,32.0,TEE-COTTON-004,True,True,fulfilled,Customer 2,123 Market St,New York,10001,NY,US,Customer 2,123 Market St,New York,10001,NY,US,
#1003,customer4@example.com,paid,2026-08-24T09:28:58.578Z,fulfilled,2026-08-24T09:28:58.578Z,yes,USD,145.0,0.0,11.6,156.6,,0.0,Standard Shipping,2026-08-24T09:28:58.578Z,1,Leather Backpack,145.0,165.0,BAG-LEATHER-005,True,True,fulfilled,Customer 3,123 Market St,New York,10001,NY,US,Customer 3,123 Market St,New York,10001,NY,US,
#1004,customer5@example.com,paid,2026-08-24T11:28:58.578Z,fulfilled,2026-08-24T11:28:58.578Z,yes,USD,85.0,0.0,6.8,91.8,,0.0,Standard Shipping,2026-08-24T11:28:58.578Z,1,Premium Hoodie,85.0,95.0,HOODIE-PREM-001,True,True,fulfilled,Customer 4,123 Market St,New York,10001,NY,US,Customer 4,123 Market St,New York,10001,NY,US,
#1005,customer6@example.com,paid,2026-08-24T13:28:58.578Z,fulfilled,2026-08-24T13:28:58.578Z,yes,USD,36.0,0.0,2.88,38.88,,0.0,Standard Shipping,2026-08-24T13:28:58.578Z,2,Running Socks,18.0,22.0,SOCK-RUN-006,True,True,fulfilled,Customer 5,123 Market St,New York,10001,NY,US,Customer 5,123 Market St,New York,10001,NY,US,
#1006,customer7@example.com,paid,2026-08-24T15:28:58.578Z,fulfilled,2026-08-24T15:28:58.578Z,yes,USD,180.0,0.0,14.4,194.4,,0.0,Standard Shipping,2026-08-24T15:28:58.578Z,1,Premium Hoodie,85.0,95.0,HOODIE-PREM-001,True,True,fulfilled,Customer 6,123 Market St,New York,10001,NY,US,Customer 6,123 Market St,New York,10001,NY,US,Co-purchase order
#1006,customer7@example.com,paid,2026-08-24T15:28:58.578Z,fulfilled,2026-08-24T15:28:58.578Z,yes,USD,180.0,0.0,14.4,194.4,,0.0,Standard Shipping,2026-08-24T15:28:58.578Z,1,Denim Jacket,95.0,110.0,JACKET-DENIM-003,True,True,fulfilled,Customer 6,123 Market St,New York,10001,NY,US,Customer 6,123 Market St,New York,10001,NY,US,Co-purchase order
#1007,customer8@example.com,paid,2026-08-24T17:28:58.578Z,fulfilled,2026-08-24T17:28:58.578Z,yes,USD,120.0,0.0,9.6,129.6,,0.0,Standard Shipping,2026-08-24T17:28:58.578Z,1,Running Shoes,120.0,140.0,SHOE-RUN-002,True,True,fulfilled,Customer 7,123 Market St,New York,10001,NY,US,Customer 7,123 Market St,New York,10001,NY,US,
#1008,customer9@example.com,paid,2026-08-24T19:28:58.578Z,fulfilled,2026-08-24T19:28:58.578Z,yes,USD,85.0,0.0,6.8,91.8,,0.0,Standard Shipping,2026-08-24T19:28:58.578Z,1,Premium Hoodie,85.0,95.0,HOODIE-PREM-001,True,True,fulfilled,Customer 8,123 Market St,New York,10001,NY,US,Customer 8,123 Market St,New York,10001,NY,US,
#1009,customer10@example.com,paid,2026-08-24T21:28:58.578Z,fulfilled,2026-08-24T21:28:58.578Z,yes,USD,145.0,0.0,11.6,156.6,,0.0,Standard Shipping,2026-08-24T21:28:58.578Z,1,Leather Backpack,145.0,165.0,BAG-LEATHER-005,True,True,fulfilled,Customer 9,123 Market St,New York,10001,NY,US,Customer 9,123 Market St,New York,10001,NY,US,
#1010,customer11@example.com,paid,2026-08-24T23:28:58.578Z,fulfilled,2026-08-24T23:28:58.578Z,yes,USD,36.0,0.0,2.88,38.88,,0.0,Standard Shipping,2026-08-24T23:28:58.578Z,2,Running Socks,18.0,22.0,SOCK-RUN-006,True,True,fulfilled,Customer 10,123 Market St,New York,10001,NY,US,Customer 10,123 Market St,New York,10001,NY,US,
#1011,customer12@example.com,paid,2026-08-25T01:28:58.578Z,fulfilled,2026-08-25T01:28:58.578Z,yes,USD,28.0,0.0,2.24,30.24,,0.0,Standard Shipping,2026-08-25T01:28:58.578Z,1,Cotton T-Shirt,28.0,32.0,TEE-COTTON-004,True,True,fulfilled,Customer 11,123 Market St,New York,10001,NY,US,Customer 11,123 Market St,New York,10001,NY,US,
#1012,customer13@example.com,paid,2026-08-25T03:28:58.578Z,fulfilled,2026-08-25T03:28:58.578Z,yes,USD,180.0,0.0,14.4,194.4,,0.0,Standard Shipping,2026-08-25T03:28:58.578Z,1,Premium Hoodie,85.0,95.0,HOODIE-PREM-001,True,True,fulfilled,Customer 12,123 Market St,New York,10001,NY,US,Customer 12,123 Market St,New York,10001,NY,US,Co-purchase order
#1012,customer13@example.com,paid,2026-08-25T03:28:58.578Z,fulfilled,2026-08-25T03:28:58.578Z,yes,USD,180.0,0.0,14.4,194.4,,0.0,Standard Shipping,2026-08-25T03:28:58.578Z,1,Denim Jacket,95.0,110.0,JACKET-DENIM-003,True,True,fulfilled,Customer 12,123 Market St,New York,10001,NY,US,Customer 12,123 Market St,New York,10001,NY,US,Co-purchase order
#1013,customer14@example.com,paid,2026-08-25T05:28:58.578Z,fulfilled,2026-08-25T05:28:58.578Z,yes,USD,28.0,0.0,2.24,30.24,,0.0,Standard Shipping,2026-08-25T05:28:58.578Z,1,Cotton T-Shirt,28.0,32.0,TEE-COTTON-004,True,True,fulfilled,Customer 13,123 Market St,New York,10001,NY,US,Customer 13,123 Market St,New York,10001,NY,US,
#1014,customer15@example.com,paid,2026-08-25T07:28:58.578Z,fulfilled,2026-08-25T07:28:58.578Z,yes,USD,120.0,0.0,9.6,129.6,,0.0,Standard Shipping,2026-08-25T07:28:58.578Z,1,Running Shoes,120.0,140.0,SHOE-RUN-002,True,True,fulfilled,Customer 14,123 Market St,New York,10001,NY,US,Customer 14,123 Market St,New York,10001,NY,US,
#1015,customer16@example.com,paid,2026-08-25T09:28:58.578Z,fulfilled,2026-08-25T09:28:58.578Z,yes,USD,36.0,0.0,2.88,38.88,,0.0,Standard Shipping,2026-08-25T09:28:58.578Z,2,Running Socks,18.0,22.0,SOCK-RUN-006,True,True,fulfilled,Customer 15,123 Market St,New York,10001,NY,US,Customer 15,123 Market St,New York,10001,NY,US,
#1016,customer17@example.com,paid,2026-08-25T11:28:58.578Z,fulfilled,2026-08-25T11:28:58.578Z,yes,USD,85.0,0.0,6.8,91.8,,0.0,Standard Shipping,2026-08-25T11:28:58.578Z,1,Premium Hoodie,85.0,95.0,HOODIE-PREM-001,True,True,fulfilled,Customer 16,123 Market St,New York,10001,NY,US,Customer 16,123 Market St,New York,10001,NY,US,
#1017,customer18@example.com,paid,2026-08-25T13:28:58.578Z,fulfilled,2026-08-25T13:28:58.578Z,yes,USD,28.0,0.0,2.24,30.24,,0.0,Standard Shipping,2026-08-25T13:28:58.578Z,1,Cotton T-Shirt,28.0,32.0,TEE-COTTON-004,True,True,fulfilled,Customer 17,123 Market St,New York,10001,NY,US,Customer 17,123 Market St,New York,10001,NY,US,
#1018,customer19@example.com,paid,2026-08-25T15:28:58.578Z,fulfilled,2026-08-25T15:28:58.578Z,yes,USD,180.0,0.0,14.4,194.4,,0.0,Standard Shipping,2026-08-25T15:28:58.578Z,1,Premium Hoodie,85.0,95.0,HOODIE-PREM-001,True,True,fulfilled,Customer 18,123 Market St,New York,10001,NY,US,Customer 18,123 Market St,New York,10001,NY,US,Co-purchase order
#1018,customer19@example.com,paid,2026-08-25T15:28:58.578Z,fulfilled,2026-08-25T15:28:58.578Z,yes,USD,180.0,0.0,14.4,194.4,,0.0,Standard Shipping,2026-08-25T15:28:58.578Z,1,Denim Jacket,95.0,110.0,JACKET-DENIM-003,True,True,fulfilled,Customer 18,123 Market St,New York,10001,NY,US,Customer 18,123 Market St,New York,10001,NY,US,Co-purchase order
#1019,customer20@example.com,paid,2026-08-25T17:28:58.578Z,fulfilled,2026-08-25T17:28:58.578Z,yes,USD,28.0,0.0,2.24,30.24,,0.0,Standard Shipping,2026-08-25T17:28:58.578Z,1,Cotton T-Shirt,28.0,32.0,TEE-COTTON-004,True,True,fulfilled,Customer 19,123 Market St,New York,10001,NY,US,Customer 19,123 Market St,New York,10001,NY,US,
#1020,customer21@example.com,paid,2026-08-25T19:28:58.578Z,fulfilled,2026-08-25T19:28:58.578Z,yes,USD,36.0,0.0,2.88,38.88,,0.0,Standard Shipping,2026-08-25T19:28:58.578Z,2,Running Socks,18.0,22.0,SOCK-RUN-006,True,True,fulfilled,Customer 20,123 Market St,New York,10001,NY,US,Customer 20,123 Market St,New York,10001,NY,US,
#1021,customer22@example.com,paid,2026-08-25T21:28:58.578Z,fulfilled,2026-08-25T21:28:58.578Z,yes,USD,120.0,0.0,9.6,129.6,,0.0,Standard Shipping,2026-08-25T21:28:58.578Z,1,Running Shoes,120.0,140.0,SHOE-RUN-002,True,True,fulfilled,Customer 21,123 Market St,New York,10001,NY,US,Customer 21,123 Market St,New York,10001,NY,US,
#1022,customer23@example.com,paid,2026-08-25T23:28:58.578Z,fulfilled,2026-08-25T23:28:58.578Z,yes,USD,28.0,0.0,2.24,30.24,,0.0,Standard Shipping,2026-08-25T23:28:58.578Z,1,Cotton T-Shirt,28.0,32.0,TEE-COTTON-004,True,True,fulfilled,Customer 22,123 Market St,New York,10001,NY,US,Customer 22,123 Market St,New York,10001,NY,US,
#1023,customer24@example.com,paid,2026-08-26T01:28:58.578Z,fulfilled,2026-08-26T01:28:58.578Z,yes,USD,28.0,0.0,2.24,30.24,,0.0,Standard Shipping,2026-08-26T01:28:58.578Z,1,Cotton T-Shirt,28.0,32.0,TEE-COTTON-004,True,True,fulfilled,Customer 23,123 Market St,New York,10001,NY,US,Customer 23,123 Market St,New York,10001,NY,US,
#1024,customer25@example.com,paid,2026-08-26T03:28:58.578Z,fulfilled,2026-08-26T03:28:58.578Z,yes,USD,180.0,0.0,14.4,194.4,,0.0,Standard Shipping,2026-08-26T03:28:58.578Z,1,Premium Hoodie,85.0,95.0,HOODIE-PREM-001,True,True,fulfilled,Customer 24,123 Market St,New York,10001,NY,US,Customer 24,123 Market St,New York,10001,NY,US,Co-purchase order
#1024,customer25@example.com,paid,2026-08-26T03:28:58.578Z,fulfilled,2026-08-26T03:28:58.578Z,yes,USD,180.0,0.0,14.4,194.4,,0.0,Standard Shipping,2026-08-26T03:28:58.578Z,1,Denim Jacket,95.0,110.0,JACKET-DENIM-003,True,True,fulfilled,Customer 24,123 Market St,New York,10001,NY,US,Customer 24,123 Market St,New York,10001,NY,US,Co-purchase order
#1025,customer26@example.com,paid,2026-08-26T05:28:58.578Z,fulfilled,2026-08-26T05:28:58.578Z,yes,USD,36.0,0.0,2.88,38.88,,0.0,Standard Shipping,2026-08-26T05:28:58.578Z,2,Running Socks,18.0,22.0,SOCK-RUN-006,True,True,fulfilled,Customer 25,123 Market St,New York,10001,NY,US,Customer 25,123 Market St,New York,10001,NY,US,
