First Name,Last Name,Email,Accepts Email Marketing,Company,Address1,Address2,City,Province Code,Country Code,Zip,Phone,Total Spent,Total Orders,Tags,Note
James,Smith,james.smith1@example.com,yes,,"101 Main Street",,New York,NY,US,10001,+1555000001,249.61,3,"VIP, hoodie-buyer, high-value","Demo customer 1"
Emma,Johnson,emma.johnson2@example.com,yes,,"102 Main Street",,Los Angeles,CA,US,90001,+1555000002,235.70,4,"VIP, hoodie-buyer, high-value","Demo customer 2"
Olivia,Williams,olivia.williams3@example.com,yes,,"103 Main Street",,Chicago,IL,US,60601,+1555000003,377.41,4,"VIP, hoodie-buyer, high-value","Demo customer 3"
Liam,Brown,liam.brown4@example.com,yes,,"104 Main Street",,Austin,TX,US,73301,+1555000004,252.73,3,"VIP, hoodie-buyer, high-value","Demo customer 4"
Sophia,Jones,sophia.jones5@example.com,yes,,"105 Main Street",,Seattle,WA,US,98101,+1555000005,398.44,4,"VIP, hoodie-buyer, high-value","Demo customer 5"
Noah,Garcia,noah.garcia6@example.com,yes,,"106 Main Street",,New York,NY,US,10001,+1555000006,353.92,4,"VIP, hoodie-buyer, high-value","Demo customer 6"
Ava,Miller,ava.miller7@example.com,yes,,"107 Main Street",,Los Angeles,CA,US,90001,+1555000007,227.53,3,"VIP, hoodie-buyer, high-value","Demo customer 7"
Lucas,Davis,lucas.davis8@example.com,yes,,"108 Main Street",,Chicago,IL,US,60601,+1555000008,107.07,1,"VIP, hoodie-buyer, high-value","Demo customer 8"
Mia,Rodriguez,mia.rodriguez9@example.com,yes,,"109 Main Street",,Austin,TX,US,73301,+1555000009,154.87,3,"VIP, hoodie-buyer, high-value","Demo customer 9"
Ethan,Martinez,ethan.martinez10@example.com,yes,,"110 Main Street",,Seattle,WA,US,98101,+1555000010,171.92,2,"VIP, hoodie-buyer, high-value","Demo customer 10"
Isabella,Hernandez,isabella.hernandez11@example.com,yes,,"111 Main Street",,New York,NY,US,10001,+1555000011,52.06,1,"VIP, hoodie-buyer, high-value","Demo customer 11"
Mason,Lopez,mason.lopez12@example.com,yes,,"112 Main Street",,Los Angeles,CA,US,90001,+1555000012,117.22,2,"VIP, hoodie-buyer, high-value","Demo customer 12"
Harper,Smith,harper.smith13@example.com,yes,,"113 Main Street",,Chicago,IL,US,60601,+1555000013,188.23,3,"VIP, hoodie-buyer, high-value","Demo customer 13"
Logan,Johnson,logan.johnson14@example.com,yes,,"114 Main Street",,Austin,TX,US,73301,+1555000014,92.98,1,"VIP, hoodie-buyer, high-value","Demo customer 14"
Evelyn,Williams,evelyn.williams15@example.com,yes,,"115 Main Street",,Seattle,WA,US,98101,+1555000015,112.90,2,"VIP, hoodie-buyer, high-value","Demo customer 15"
James,Brown,james.brown16@example.com,yes,,"116 Main Street",,New York,NY,US,10001,+1555000016,89.93,1,"VIP, hoodie-buyer, high-value","Demo customer 16"
Emma,Jones,emma.jones17@example.com,yes,,"117 Main Street",,Los Angeles,CA,US,90001,+1555000017,184.12,2,"VIP, hoodie-buyer, high-value","Demo customer 17"
Olivia,Garcia,olivia.garcia18@example.com,yes,,"118 Main Street",,Chicago,IL,US,60601,+1555000018,199.95,3,"VIP, hoodie-buyer, high-value","Demo customer 18"
Liam,Miller,liam.miller19@example.com,yes,,"119 Main Street",,Austin,TX,US,73301,+1555000019,51.30,1,"VIP, hoodie-buyer, high-value","Demo customer 19"
Sophia,Davis,sophia.davis20@example.com,yes,,"120 Main Street",,Seattle,WA,US,98101,+1555000020,217.48,4,"VIP, hoodie-buyer, high-value","Demo customer 20"
Noah,Rodriguez,noah.rodriguez21@example.com,yes,,"121 Main Street",,New York,NY,US,10001,+1555000021,146.59,2,"VIP, hoodie-buyer, high-value","Demo customer 21"
Ava,Martinez,ava.martinez22@example.com,yes,,"122 Main Street",,Los Angeles,CA,US,90001,+1555000022,298.20,3,"VIP, hoodie-buyer, high-value","Demo customer 22"
Lucas,Hernandez,lucas.hernandez23@example.com,yes,,"123 Main Street",,Chicago,IL,US,60601,+1555000023,101.00,1,"VIP, hoodie-buyer, high-value","Demo customer 23"
Mia,Lopez,mia.lopez24@example.com,yes,,"124 Main Street",,Austin,TX,US,73301,+1555000024,235.99,4,"VIP, hoodie-buyer, high-value","Demo customer 24"
Ethan,Smith,ethan.smith25@example.com,yes,,"125 Main Street",,Seattle,WA,US,98101,+1555000025,216.72,3,"VIP, hoodie-buyer, high-value","Demo customer 25"
Isabella,Johnson,isabella.johnson26@example.com,yes,,"126 Main Street",,New York,NY,US,10001,+1555000026,75.91,1,"VIP, hoodie-buyer, high-value","Demo customer 26"
Mason,Williams,mason.williams27@example.com,yes,,"127 Main Street",,Los Angeles,CA,US,90001,+1555000027,214.04,4,"VIP, hoodie-buyer, high-value","Demo customer 27"
Harper,Brown,harper.brown28@example.com,yes,,"128 Main Street",,Chicago,IL,US,60601,+1555000028,57.44,1,"VIP, hoodie-buyer, high-value","Demo customer 28"
Logan,Jones,logan.jones29@example.com,yes,,"129 Main Street",,Austin,TX,US,73301,+1555000029,286.10,4,"VIP, hoodie-buyer, high-value","Demo customer 29"
Evelyn,Garcia,evelyn.garcia30@example.com,yes,,"130 Main Street",,Seattle,WA,US,98101,+1555000030,119.94,2,"VIP, hoodie-buyer, high-value","Demo customer 30"
James,Miller,james.miller31@example.com,yes,,"131 Main Street",,New York,NY,US,10001,+1555000031,143.17,2,"VIP, hoodie-buyer, high-value","Demo customer 31"
Emma,Davis,emma.davis32@example.com,yes,,"132 Main Street",,Los Angeles,CA,US,90001,+1555000032,96.07,1,"VIP, hoodie-buyer, high-value","Demo customer 32"
Olivia,Rodriguez,olivia.rodriguez33@example.com,yes,,"133 Main Street",,Chicago,IL,US,60601,+1555000033,225.92,4,"VIP, hoodie-buyer, high-value","Demo customer 33"
Liam,Martinez,liam.martinez34@example.com,yes,,"134 Main Street",,Austin,TX,US,73301,+1555000034,225.05,3,"VIP, hoodie-buyer, high-value","Demo customer 34"
Sophia,Hernandez,sophia.hernandez35@example.com,yes,,"135 Main Street",,Seattle,WA,US,98101,+1555000035,83.03,1,"VIP, hoodie-buyer, high-value","Demo customer 35"
Noah,Lopez,noah.lopez36@example.com,yes,,"136 Main Street",,New York,NY,US,10001,+1555000036,302.43,3,"customer, repeat","Demo customer 36"
Ava,Smith,ava.smith37@example.com,yes,,"137 Main Street",,Los Angeles,CA,US,90001,+1555000037,227.76,3,"customer, repeat","Demo customer 37"
Lucas,Johnson,lucas.johnson38@example.com,yes,,"138 Main Street",,Chicago,IL,US,60601,+1555000038,104.05,1,"customer, repeat","Demo customer 38"
Mia,Williams,mia.williams39@example.com,yes,,"139 Main Street",,Austin,TX,US,73301,+1555000039,121.69,2,"customer, repeat","Demo customer 39"
Ethan,Brown,ethan.brown40@example.com,yes,,"140 Main Street",,Seattle,WA,US,98101,+1555000040,238.05,3,"customer, repeat","Demo customer 40"
Isabella,Jones,isabella.jones41@example.com,yes,,"141 Main Street",,New York,NY,US,10001,+1555000041,51.14,1,"customer, repeat","Demo customer 41"
Mason,Garcia,mason.garcia42@example.com,yes,,"142 Main Street",,Los Angeles,CA,US,90001,+1555000042,431.37,4,"customer, repeat","Demo customer 42"
Harper,Miller,harper.miller43@example.com,yes,,"143 Main Street",,Chicago,IL,US,60601,+1555000043,183.55,2,"customer, repeat","Demo customer 43"
Logan,Davis,logan.davis44@example.com,yes,,"144 Main Street",,Austin,TX,US,73301,+1555000044,55.60,1,"customer, repeat","Demo customer 44"
Evelyn,Rodriguez,evelyn.rodriguez45@example.com,yes,,"145 Main Street",,Seattle,WA,US,98101,+1555000045,315.60,3,"customer, repeat","Demo customer 45"
James,Martinez,james.martinez46@example.com,yes,,"146 Main Street",,New York,NY,US,10001,+1555000046,134.43,2,"customer, repeat","Demo customer 46"
Emma,Hernandez,emma.hernandez47@example.com,yes,,"147 Main Street",,Los Angeles,CA,US,90001,+1555000047,73.35,1,"customer, repeat","Demo customer 47"
Olivia,Lopez,olivia.lopez48@example.com,yes,,"148 Main Street",,Chicago,IL,US,60601,+1555000048,199.89,2,"customer, repeat","Demo customer 48"
Liam,Smith,liam.smith49@example.com,yes,,"149 Main Street",,Austin,TX,US,73301,+1555000049,180.39,2,"customer, repeat","Demo customer 49"
Sophia,Johnson,sophia.johnson50@example.com,yes,,"150 Main Street",,Seattle,WA,US,98101,+1555000050,62.73,1,"customer, repeat","Demo customer 50"
Noah,Williams,noah.williams51@example.com,yes,,"151 Main Street",,New York,NY,US,10001,+1555000051,66.90,1,"customer, repeat","Demo customer 51"
Ava,Brown,ava.brown52@example.com,yes,,"152 Main Street",,Los Angeles,CA,US,90001,+1555000052,410.77,4,"customer, repeat","Demo customer 52"
Lucas,Jones,lucas.jones53@example.com,yes,,"153 Main Street",,Chicago,IL,US,60601,+1555000053,158.15,3,"customer, repeat","Demo customer 53"
Mia,Garcia,mia.garcia54@example.com,yes,,"154 Main Street",,Austin,TX,US,73301,+1555000054,125.86,2,"customer, repeat","Demo customer 54"
Ethan,Miller,ethan.miller55@example.com,yes,,"155 Main Street",,Seattle,WA,US,98101,+1555000055,79.99,1,"customer, repeat","Demo customer 55"
Isabella,Davis,isabella.davis56@example.com,yes,,"156 Main Street",,New York,NY,US,10001,+1555000056,235.25,4,"customer, repeat","Demo customer 56"
Mason,Rodriguez,mason.rodriguez57@example.com,yes,,"157 Main Street",,Los Angeles,CA,US,90001,+1555000057,231.34,4,"customer, repeat","Demo customer 57"
Harper,Martinez,harper.martinez58@example.com,yes,,"158 Main Street",,Chicago,IL,US,60601,+1555000058,70.24,1,"customer, repeat","Demo customer 58"
Logan,Hernandez,logan.hernandez59@example.com,yes,,"159 Main Street",,Austin,TX,US,73301,+1555000059,200.77,4,"customer, repeat","Demo customer 59"
Evelyn,Lopez,evelyn.lopez60@example.com,yes,,"160 Main Street",,Seattle,WA,US,98101,+1555000060,114.07,2,"customer, repeat","Demo customer 60"
James,Smith,james.smith61@example.com,yes,,"161 Main Street",,New York,NY,US,10001,+1555000061,98.79,1,"customer, repeat","Demo customer 61"
Emma,Johnson,emma.johnson62@example.com,yes,,"162 Main Street",,Los Angeles,CA,US,90001,+1555000062,159.45,2,"customer, repeat","Demo customer 62"
Olivia,Williams,olivia.williams63@example.com,yes,,"163 Main Street",,Chicago,IL,US,60601,+1555000063,293.33,3,"customer, repeat","Demo customer 63"
Liam,Brown,liam.brown64@example.com,yes,,"164 Main Street",,Austin,TX,US,73301,+1555000064,279.72,3,"customer, repeat","Demo customer 64"
Sophia,Jones,sophia.jones65@example.com,yes,,"165 Main Street",,Seattle,WA,US,98101,+1555000065,216.83,2,"customer, repeat","Demo customer 65"
Noah,Garcia,noah.garcia66@example.com,yes,,"166 Main Street",,New York,NY,US,10001,+1555000066,195.64,3,"customer, repeat","Demo customer 66"
Ava,Miller,ava.miller67@example.com,yes,,"167 Main Street",,Los Angeles,CA,US,90001,+1555000067,274.11,3,"customer, repeat","Demo customer 67"
Lucas,Davis,lucas.davis68@example.com,yes,,"168 Main Street",,Chicago,IL,US,60601,+1555000068,192.06,2,"customer, repeat","Demo customer 68"
Mia,Rodriguez,mia.rodriguez69@example.com,yes,,"169 Main Street",,Austin,TX,US,73301,+1555000069,329.16,4,"customer, repeat","Demo customer 69"
Ethan,Martinez,ethan.martinez70@example.com,yes,,"170 Main Street",,Seattle,WA,US,98101,+1555000070,169.77,3,"customer, repeat","Demo customer 70"
Isabella,Hernandez,isabella.hernandez71@example.com,yes,,"171 Main Street",,New York,NY,US,10001,+1555000071,318.37,3,"customer, repeat","Demo customer 71"
Mason,Lopez,mason.lopez72@example.com,yes,,"172 Main Street",,Los Angeles,CA,US,90001,+1555000072,248.58,4,"customer, repeat","Demo customer 72"
Harper,Smith,harper.smith73@example.com,yes,,"173 Main Street",,Chicago,IL,US,60601,+1555000073,68.05,1,"customer, repeat","Demo customer 73"
Logan,Johnson,logan.johnson74@example.com,yes,,"174 Main Street",,Austin,TX,US,73301,+1555000074,121.14,2,"customer, repeat","Demo customer 74"
Evelyn,Williams,evelyn.williams75@example.com,yes,,"175 Main Street",,Seattle,WA,US,98101,+1555000075,253.64,4,"customer, repeat","Demo customer 75"
James,Brown,james.brown76@example.com,yes,,"176 Main Street",,New York,NY,US,10001,+1555000076,248.52,3,"customer, repeat","Demo customer 76"
Emma,Jones,emma.jones77@example.com,yes,,"177 Main Street",,Los Angeles,CA,US,90001,+1555000077,259.21,4,"customer, repeat","Demo customer 77"
Olivia,Garcia,olivia.garcia78@example.com,yes,,"178 Main Street",,Chicago,IL,US,60601,+1555000078,168.01,2,"customer, repeat","Demo customer 78"
Liam,Miller,liam.miller79@example.com,yes,,"179 Main Street",,Austin,TX,US,73301,+1555000079,201.11,3,"customer, repeat","Demo customer 79"
Sophia,Davis,sophia.davis80@example.com,yes,,"180 Main Street",,Seattle,WA,US,98101,+1555000080,348.56,4,"customer, repeat","Demo customer 80"
Noah,Rodriguez,noah.rodriguez81@example.com,yes,,"181 Main Street",,New York,NY,US,10001,+1555000081,99.30,1,"customer, repeat","Demo customer 81"
Ava,Martinez,ava.martinez82@example.com,yes,,"182 Main Street",,Los Angeles,CA,US,90001,+1555000082,106.34,1,"customer, repeat","Demo customer 82"
Lucas,Hernandez,lucas.hernandez83@example.com,yes,,"183 Main Street",,Chicago,IL,US,60601,+1555000083,182.27,2,"customer, repeat","Demo customer 83"
Mia,Lopez,mia.lopez84@example.com,yes,,"184 Main Street",,Austin,TX,US,73301,+1555000084,108.10,2,"customer, repeat","Demo customer 84"
Ethan,Smith,ethan.smith85@example.com,yes,,"185 Main Street",,Seattle,WA,US,98101,+1555000085,50.55,1,"customer, repeat","Demo customer 85"
Isabella,Johnson,isabella.johnson86@example.com,yes,,"186 Main Street",,New York,NY,US,10001,+1555000086,263.01,3,"customer, repeat","Demo customer 86"
Mason,Williams,mason.williams87@example.com,yes,,"187 Main Street",,Los Angeles,CA,US,90001,+1555000087,150.92,2,"customer, repeat","Demo customer 87"
Harper,Brown,harper.brown88@example.com,yes,,"188 Main Street",,Chicago,IL,US,60601,+1555000088,106.72,1,"customer, repeat","Demo customer 88"
Logan,Jones,logan.jones89@example.com,yes,,"189 Main Street",,Austin,TX,US,73301,+1555000089,343.32,4,"customer, repeat","Demo customer 89"
Evelyn,Garcia,evelyn.garcia90@example.com,yes,,"190 Main Street",,Seattle,WA,US,98101,+1555000090,198.57,3,"customer, repeat","Demo customer 90"
James,Miller,james.miller91@example.com,yes,,"191 Main Street",,New York,NY,US,10001,+1555000091,216.39,2,"customer, repeat","Demo customer 91"
Emma,Davis,emma.davis92@example.com,yes,,"192 Main Street",,Los Angeles,CA,US,90001,+1555000092,362.99,4,"customer, repeat","Demo customer 92"
Olivia,Rodriguez,olivia.rodriguez93@example.com,yes,,"193 Main Street",,Chicago,IL,US,60601,+1555000093,233.35,4,"customer, repeat","Demo customer 93"
Liam,Martinez,liam.martinez94@example.com,yes,,"194 Main Street",,Austin,TX,US,73301,+1555000094,71.68,1,"customer, repeat","Demo customer 94"
Sophia,Hernandez,sophia.hernandez95@example.com,yes,,"195 Main Street",,Seattle,WA,US,98101,+1555000095,398.25,4,"customer, repeat","Demo customer 95"
Noah,Lopez,noah.lopez96@example.com,yes,,"196 Main Street",,New York,NY,US,10001,+1555000096,99.35,1,"customer, repeat","Demo customer 96"
Ava,Smith,ava.smith97@example.com,yes,,"197 Main Street",,Los Angeles,CA,US,90001,+1555000097,267.96,3,"customer, repeat","Demo customer 97"
Lucas,Johnson,lucas.johnson98@example.com,yes,,"198 Main Street",,Chicago,IL,US,60601,+1555000098,86.22,1,"customer, repeat","Demo customer 98"
Mia,Williams,mia.williams99@example.com,yes,,"199 Main Street",,Austin,TX,US,73301,+1555000099,128.10,2,"customer, repeat","Demo customer 99"
Ethan,Brown,ethan.brown100@example.com,yes,,"200 Main Street",,Seattle,WA,US,98101,+1555000100,361.23,4,"customer, repeat","Demo customer 100"
Isabella,Jones,isabella.jones101@example.com,yes,,"201 Main Street",,New York,NY,US,10001,+1555000101,283.73,3,"customer, repeat","Demo customer 101"
Mason,Garcia,mason.garcia102@example.com,yes,,"202 Main Street",,Los Angeles,CA,US,90001,+1555000102,214.59,4,"customer, repeat","Demo customer 102"
Harper,Miller,harper.miller103@example.com,yes,,"203 Main Street",,Chicago,IL,US,60601,+1555000103,152.97,2,"customer, repeat","Demo customer 103"
Logan,Davis,logan.davis104@example.com,yes,,"204 Main Street",,Austin,TX,US,73301,+1555000104,139.49,2,"customer, repeat","Demo customer 104"
Evelyn,Rodriguez,evelyn.rodriguez105@example.com,yes,,"205 Main Street",,Seattle,WA,US,98101,+1555000105,270.91,3,"customer, repeat","Demo customer 105"
James,Martinez,james.martinez106@example.com,yes,,"206 Main Street",,New York,NY,US,10001,+1555000106,284.18,4,"customer, repeat","Demo customer 106"
Emma,Hernandez,emma.hernandez107@example.com,yes,,"207 Main Street",,Los Angeles,CA,US,90001,+1555000107,155.03,2,"customer, repeat","Demo customer 107"
Olivia,Lopez,olivia.lopez108@example.com,yes,,"208 Main Street",,Chicago,IL,US,60601,+1555000108,201.01,3,"customer, repeat","Demo customer 108"
Liam,Smith,liam.smith109@example.com,yes,,"209 Main Street",,Austin,TX,US,73301,+1555000109,61.83,1,"customer, repeat","Demo customer 109"
Sophia,Johnson,sophia.johnson110@example.com,yes,,"210 Main Street",,Seattle,WA,US,98101,+1555000110,300.66,3,"customer, repeat","Demo customer 110"
Noah,Williams,noah.williams111@example.com,yes,,"211 Main Street",,New York,NY,US,10001,+1555000111,130.74,2,"customer, repeat","Demo customer 111"
Ava,Brown,ava.brown112@example.com,yes,,"212 Main Street",,Los Angeles,CA,US,90001,+1555000112,366.35,4,"customer, repeat","Demo customer 112"
Lucas,Jones,lucas.jones113@example.com,yes,,"213 Main Street",,Chicago,IL,US,60601,+1555000113,90.07,1,"customer, repeat","Demo customer 113"
Mia,Garcia,mia.garcia114@example.com,yes,,"214 Main Street",,Austin,TX,US,73301,+1555000114,231.39,4,"customer, repeat","Demo customer 114"
Ethan,Miller,ethan.miller115@example.com,yes,,"215 Main Street",,Seattle,WA,US,98101,+1555000115,122.23,2,"customer, repeat","Demo customer 115"
Isabella,Davis,isabella.davis116@example.com,yes,,"216 Main Street",,New York,NY,US,10001,+1555000116,119.67,2,"customer, repeat","Demo customer 116"
Mason,Rodriguez,mason.rodriguez117@example.com,yes,,"217 Main Street",,Los Angeles,CA,US,90001,+1555000117,403.06,4,"customer, repeat","Demo customer 117"
Harper,Martinez,harper.martinez118@example.com,yes,,"218 Main Street",,Chicago,IL,US,60601,+1555000118,436.58,4,"customer, repeat","Demo customer 118"
Logan,Hernandez,logan.hernandez119@example.com,yes,,"219 Main Street",,Austin,TX,US,73301,+1555000119,358.29,4,"customer, repeat","Demo customer 119"
Evelyn,Lopez,evelyn.lopez120@example.com,yes,,"220 Main Street",,Seattle,WA,US,98101,+1555000120,177.70,2,"customer, repeat","Demo customer 120"